Unnamed: 0,League,Team,Name,Age,Market Value,Matches Played,Minutes,Matches Started,Goals Scored,Goals Scored (Per90),Goal Involvement,Goal Involvement (Per90),Expected Goals (xG),Expected Goals (xG) (Per90),Non-Penalty xG (npxG),Goals Conceded,Clean Sheets,Tackles,Tackles (Per90),Interceptions,Interceptions (Per90),Clearances,Clearances (Per90),Shots Blocked,Shots Blocked (Per90),Dribbled Past,Dribbled Past (Per90),Penalties Given Away,Penalties Given Away (Per90),Ground Duels,Ground Duels (Per90),Ground Duels Won,Ground Duels Won (Per90),Aerial Duels Won,Aerial Duels Won (Per90),Assists,Assists (Per90),Expected Assists (xA),Expected Assists (xA) (Per90),Passes,Passes (Per90),Successful Passes,Successful Passes (Per90),Pass Completion Rate,Key Passes,Key Passes (Per90),Crosses,Crosses (Per90),Successful Crosses,Successful Crosses (Per90),Cross Completion Rate,Dribbles,Dribbles (Per90),Successful Dribbles,Successful Dribbles (Per90),Dribble Success Rate,Dispossesed,Dispossesed (Per90),Offsides,Offsides (Per90),Yellow Cards,Red Cards,Total Cards,Total Cards (Per90),Fouls Committed,Fouls Committed (Per90),Fouled Against,Fouled Against (Per90),Annual Salary,Shots Faced,Shots Faced (Per90),Shot Conversion Rate,Shots Taken,Shots Taken (Per90),Shots On Target,Shots On Target (Per90),Shots Off Target,Shots Off Target (Per90),Shot Accuracy,Shots Per Goal Scored,Position,Tactical_Role,Poacher_Score,Target Man_Score,False Nine_Score
25,premier-league,Manchester City,Erling Haaland,25,200000000.0,30,2510,29,22,0.79,29,1.04,21.9,0.79,19.1,26,12,15,0.54,5,0.18,34,1.22,1,0.04,2,0.07,0,0.0,209,7.49,113,4.05,67,2.4,7,0.25,5.5,0.2,315,11.29,207,7.42,0.6570999999999999,21,0.75,3,0.11,1,0.04,0.3333,25,0.9,12,0.43,0.48,20,0.72,4,0.14,1,0,1,0.04,20,0.72,22,0.79,52780000.0,67,4.19,5.88,17,0.82,6,0.29,8,0.56,21.74,15.0,Centre-Forward,Poacher,91.17117117117115,59.45945945945946,51.53153153153153
26,premier-league,Manchester City,Omar Marmoush,27,60000000.0,17,570,7,1,0.16,4,0.63,2.12,0.33,2.12,5,7,12,1.89,2,0.31,2,0.31,2,0.31,3,0.47,0,0.0,76,11.96,39,6.14,2,0.31,3,0.47,2.35,0.37,145,22.81,127,19.98,0.8759,11,1.73,12,1.89,1,0.16,0.0833,16,2.52,8,1.26,0.5,12,1.89,6,0.94,2,0,2,0.32,10,1.57,18,2.83,22243000.0,67,4.19,0.0,17,0.82,5,0.12,11,0.17,35.29,17.0,Centre-Forward,False Nine,35.31531531531532,45.4954954954955,89.1891891891892
48,premier-league,Arsenal FC,Viktor Gyökeres,27,65000000.0,30,1991,24,12,0.54,12,0.54,10.95,0.49,8.85,12,15,6,0.27,1,0.05,17,0.77,2,0.09,5,0.23,0,0.0,200,9.04,63,2.85,27,1.22,0,0.0,1.11,0.05,282,12.75,168,7.59,0.5957,16,0.72,7,0.32,2,0.09,0.2857,33,1.49,6,0.27,0.1818,22,0.99,3,0.14,5,0,5,0.23,30,1.36,26,1.18,15080000.0,67,4.19,0.0,17,0.72,5,0.09,4,0.6,21.74,4.25,Centre-Forward,Poacher,61.35135135135135,33.6036036036036,26.891891891891888
49,premier-league,Arsenal FC,Kai Havertz,26,50000000.0,7,318,4,0,0.0,1,0.28,0.36,0.1,0.36,1,5,5,1.42,0,0.0,6,1.7,1,0.28,6,1.7,0,0.0,57,16.13,26,7.36,9,2.55,1,0.28,0.86,0.24,87,24.62,58,16.42,0.6667000000000001,4,1.13,2,0.57,0,0.0,0.0,6,1.7,4,1.13,0.6667000000000001,6,1.7,0,0.0,0,0,0,0.0,4,1.13,8,2.26,19905600.0,67,4.19,23.53,17,0.21,6,0.22,5,0.17,33.33,4.25,Centre-Forward,False Nine,18.64864864864865,63.24324324324325,78.26576576576576
50,premier-league,Arsenal FC,Gabriel Jesus,29,20000000.0,12,320,2,2,0.56,2,0.56,2.84,0.8,2.84,3,5,4,1.12,2,0.56,3,0.84,0,0.0,1,0.28,0,0.0,59,16.59,18,5.06,7,1.97,0,0.0,0.2,0.06,92,25.87,69,19.41,0.75,2,0.56,0,0.0,0,0.0,0.0,14,3.94,6,1.69,0.4286,10,2.81,5,1.41,2,0,2,0.56,6,1.69,1,0.28,2970500.0,67,4.19,10.0,17,0.92,2,0.08,11,0.17,20.0,17.0,Centre-Forward,Poacher / Target Man,69.50450450450451,67.92792792792794,41.77927927927928
79,premier-league,Chelsea FC,João Pedro,24,75000000.0,28,2259,26,0,0.0,2,0.08,1.64,0.07,1.64,32,7,53,2.11,19,0.76,80,3.19,9,0.36,35,1.39,0,0.0,212,8.45,105,4.18,18,0.72,2,0.08,4.37,0.17,1183,47.13,871,34.7,0.7363,41,1.63,190,7.57,44,1.75,0.2316,29,1.16,13,0.52,0.4483,11,0.44,1,0.04,7,0,7,0.28,27,1.08,22,0.88,5049850.0,67,4.19,0.0,23,0.92,5,0.2,18,0.72,21.74,0.0,Centre-Forward,False Nine,15.45045045045045,40.90090090090091,78.8963963963964
81,premier-league,Chelsea FC,Marc Guiu,20,12000000.0,2,41,0,1,2.2,1,2.2,0.64,1.4,0.64,0,2,0,0.0,0,0.0,0,0.0,0,0.0,0,0.0,0,0.0,0,0.0,0,0.0,0,0.0,0,0.0,0.0,0.0,0,0.0,0,0.0,0.0,0,0.0,0,0.0,0,0.0,0.0,0,0.0,0,0.0,0.0,0,0.0,0,0.0,0,0,0,0.0,0,0.0,0,0.0,9990500.0,67,4.19,6.67,17,0.92,6,0.29,5,0.6,16.67,17.0,Centre-Forward,Poacher,98.1081081081081,20.63063063063063,3.085585585585586
108,premier-league,Liverpool FC,Alexander Isak,26,100000000.0,11,528,6,2,0.34,3,0.51,2.2,0.38,2.2,6,3,6,1.02,0,0.0,7,1.19,1,0.17,1,0.17,0,0.0,43,7.33,12,2.05,5,0.85,1,0.17,0.77,0.13,69,11.76,46,7.84,0.6667000000000001,2,0.34,2,0.34,0,0.0,0.0,8,1.36,1,0.17,0.125,5,0.85,0,0.0,0,0,0,0.0,5,0.85,0,0.0,18096000.0,67,4.19,10.0,5,0.75,1,0.25,11,0.56,35.29,12.0,Centre-Forward,Poacher,54.77477477477477,26.351351351351347,29.054054054054056
109,premier-league,Liverpool FC,Hugo Ekitiké,23,90000000.0,28,1811,21,11,0.55,15,0.75,11.24,0.56,11.24,20,8,11,0.55,4,0.2,26,1.29,3,0.15,3,0.15,0,0.0,232,11.53,89,4.42,31,1.54,4,0.2,3.8,0.19,403,20.03,309,15.36,0.7667,21,1.04,7,0.35,1,0.05,0.1429,69,3.43,36,1.79,0.5217,25,1.24,11,0.55,0,0,0,0.0,35,1.74,12,0.6,15080000.0,67,4.19,0.0,15,0.72,6,0.22,8,0.41,33.33,0.0,Centre-Forward,False Nine / Poacher,72.25225225225225,47.612612612612615,72.63513513513513
134,premier-league,Tottenham Hotspur,Dominic Solanke,28,35000000.0,13,871,9,3,0.31,3,0.31,3.45,0.36,3.45,17,2,18,1.86,4,0.41,9,0.93,1,0.1,4,0.41,0,0.0,113,11.68,48,4.96,16,1.65,0,0.0,0.37,0.04,127,13.12,96,9.92,0.7559,5,0.52,2,0.21,0,0.0,0.0,19,1.96,8,0.83,0.4211,13,1.34,2,0.21,1,0,1,0.1,9,0.93,6,0.62,8317400.0,67,4.19,20.0,23,0.64,6,0.22,8,0.17,20.0,12.0,Centre-Forward,Target Man / Poacher,48.91891891891892,52.2072072072072,24.054054054054053
135,premier-league,Tottenham Hotspur,Richarlison,28,28000000.0,27,1567,16,9,0.52,13,0.75,9.46,0.54,9.46,21,7,20,1.15,6,0.34,46,2.64,3,0.17,10,0.57,0,0.0,239,13.73,103,5.92,49,2.81,4,0.23,3.38,0.19,251,14.42,157,9.02,0.6255,16,0.92,16,0.92,0,0.0,0.0,21,1.21,8,0.46,0.381,21,1.21,8,0.46,5,0,5,0.29,18,1.03,29,1.67,5346900.0,67,4.19,10.0,23,0.92,6,0.04,5,0.56,20.0,4.25,Centre-Forward,Target Man,58.828828828828826,80.36036036036036,55.3153153153153
136,premier-league,Tottenham Hotspur,Mathys Tel,20,25000000.0,4,352,4,3,0.77,4,1.02,1.84,0.47,0.44,2,2,0,0.0,0,0.0,0,0.0,0,0.0,0,0.0,0,0.0,0,0.0,0,0.0,0,0.0,1,0.26,0.52,0.13,0,0.0,0,0.0,0.0,0,0.0,0,0.0,0,0.0,0.0,0,0.0,0,0.0,0.0,0,0.0,0,0.0,1,0,1,0.26,0,0.0,0,0.0,3016000.0,67,4.19,23.53,5,0.82,2,0.04,11,0.31,20.0,15.0,Centre-Forward,Poacher,64.14414414414415,16.846846846846848,22.792792792792792
137,premier-league,Tottenham Hotspur,Randal Kolo Muani,27,22000000.0,24,1326,16,1,0.07,2,0.14,1.63,0.11,1.63,26,4,21,1.43,2,0.14,16,1.09,1,0.07,13,0.88,0,0.0,214,14.52,69,4.68,20,1.36,1,0.07,1.61,0.11,229,15.54,160,10.86,0.6987000000000001,19,1.29,9,0.61,5,0.34,0.5556,50,3.39,15,1.02,0.3,21,1.43,1,0.07,2,0,2,0.14,34,2.31,13,0.88,8911500.0,67,4.19,10.0,10,0.21,1,0.29,18,0.5,35.29,10.0,Centre-Forward,False Nine,30.630630630630627,40.45045045045045,58.04054054054053
158,premier-league,Manchester United,Matheus Cunha,26,70000000.0,27,2050,24,7,0.31,9,0.4,9.75,0.42,9.75,26,5,33,1.43,16,0.69,17,0.74,3,0.13,15,0.65,0,0.0,306,13.27,143,6.2,27,1.17,2,0.09,3.25,0.14,733,31.79,587,25.46,0.8008,26,1.13,43,1.87,9,0.39,0.2092999999999999,80,3.47,37,1.6,0.4625,49,2.13,2,0.09,1,0,1,0.04,18,0.78,48,2.08,12064000.0,67,4.19,0.0,5,0.39,1,0.29,11,0.72,33.33,4.25,Centre-Forward,False Nine,56.84684684684685,46.62162162162162,72.47747747747748
159,premier-league,Manchester United,Benjamin Sesko,22,65000000.0,26,1335,13,9,0.61,10,0.67,10.09,0.68,10.09,23,4,5,0.34,3,0.2,14,0.94,2,0.13,2,0.13,0,0.0,174,11.73,68,4.58,54,3.64,1,0.07,1.29,0.09,257,17.33,180,12.13,0.7004,9,0.61,2,0.13,0,0.0,0.0,25,1.69,6,0.4,0.24,23,1.55,5,0.34,2,0,2,0.13,16,1.08,4,0.27,9505600.0,67,4.19,0.0,23,0.72,2,0.04,11,0.53,35.29,5.0,Centre-Forward,Target Man / Poacher,66.98198198198197,69.72972972972973,35.090090090090094
160,premier-league,Manchester United,Joshua Zirkzee,24,22000000.0,18,509,4,2,0.35,3,0.53,2.7,0.47,2.7,5,2,8,1.39,1,0.17,8,1.39,2,0.35,1,0.17,0,0.0,78,13.55,34,5.91,17,2.95,1,0.18,1.3,0.23,206,35.79,156,27.1,0.7573000000000001,10,1.74,5,0.87,2,0.35,0.4,9,1.56,5,0.87,0.5556,10,1.74,1,0.17,1,0,1,0.18,8,1.39,4,0.69,7917000.0,67,4.19,20.0,5,0.72,4,0.2,4,0.5,20.0,0.0,Centre-Forward,False Nine,53.96396396396397,71.08108108108108,86.77927927927928
185,premier-league,Newcastle United,Nick Woltemade,24,65000000.0,28,1682,21,8,0.43,11,0.59,6.64,0.36,5.94,23,6,22,1.18,4,0.21,20,1.07,2,0.11,9,0.48,0,0.0,207,11.08,83,4.44,35,1.87,3,0.16,2.72,0.15,308,16.48,228,12.2,0.7403,14,0.75,3,0.16,0,0.0,0.0,32,1.71,13,0.7,0.4061999999999999,33,1.77,8,0.43,0,0,0,0.0,19,1.02,19,1.02,9990500.0,67,4.19,10.0,17,0.63,2,0.12,11,0.53,13.33,4.25,Centre-Forward,False Nine / Poacher,51.66666666666666,49.14414414414414,55.02252252252252
186,premier-league,Newcastle United,Yoane Wissa,29,30000000.0,14,426,4,1,0.21,1,0.21,1.58,0.33,1.58,6,2,3,0.63,0,0.0,2,0.42,1,0.21,1,0.21,0,0.0,47,9.91,13,2.74,8,1.69,0,0.0,0.23,0.05,72,15.18,55,11.59,0.7639,3,0.63,1,0.21,0,0.0,0.0,8,1.69,1,0.21,0.125,5,1.05,4,0.84,1,0,1,0.21,4,0.84,1,0.21,5000000.0,67,4.19,23.53,17,0.75,5,0.12,13,0.72,35.29,12.0,Centre-Forward,Target Man / Poacher,38.24324324324324,42.7027027027027,28.31081081081081
187,premier-league,Newcastle United,William Osula,22,15000000.0,26,2165,25,1,0.04,1,0.04,0.91,0.04,0.91,14,12,30,1.25,15,0.62,105,4.36,5,0.21,5,0.21,0,0.0,187,7.77,108,4.49,59,2.45,0,0.0,4.07,0.17,1790,74.41,1660,69.01,0.9274,8,0.33,9,0.37,4,0.17,0.4443999999999999,8,0.33,5,0.21,0.625,5,0.21,1,0.04,1,0,1,0.04,18,0.75,15,0.62,17342000.0,67,4.19,20.0,5,0.21,1,0.04,4,0.17,20.0,5.0,Centre-Forward,False Nine / Target Man,9.504504504504505,51.17117117117117,51.98198198198197
213,premier-league,Nottingham Forest,Lorenzo Lucca,25,25000000.0,16,400,4,1,0.23,1,0.23,1.63,0.37,1.63,2,7,0,0.0,0,0.0,3,0.67,0,0.0,1,0.22,0,0.0,66,14.81,26,5.84,9,2.02,0,0.0,0.19,0.04,66,14.81,52,11.67,0.7879,2,0.45,0,0.0,0,0.0,0.0,9,2.02,6,1.35,0.6667000000000001,9,2.02,4,0.9,1,0,1,0.23,17,3.82,12,2.69,4630000.0,67,4.19,5.88,23,0.82,4,0.29,18,0.41,21.74,10.0,Centre-Forward,Target Man,52.25225225225225,68.42342342342343,27.387387387387385
214,premier-league,Nottingham Forest,Igor Jesus,25,22000000.0,31,1900,23,3,0.14,6,0.28,5.91,0.28,5.91,31,8,18,0.85,2,0.09,26,1.23,3,0.14,4,0.19,0,0.0,330,15.62,133,6.3,73,3.46,3,0.14,2.68,0.13,345,16.33,247,11.69,0.7159,11,0.52,8,0.38,2,0.09,0.25,32,1.51,9,0.43,0.2812,35,1.66,10,0.47,0,0,0,0.0,34,1.61,34,1.61,3120000.0,67,4.19,6.67,17,0.75,5,0.22,8,0.53,20.0,4.25,Centre-Forward,Target Man,37.25225225225225,79.54954954954955,40.22522522522522
215,premier-league,Nottingham Forest,Taiwo Awoniyi,28,9000000.0,12,268,1,2,0.67,2,0.67,2.06,0.69,2.06,2,3,1,0.34,1,0.34,3,1.01,0,0.0,1,0.34,0,0.0,54,18.13,14,4.7,8,2.69,0,0.0,0.2,0.07,42,14.1,33,11.08,0.7857,3,1.01,1,0.34,0,0.0,0.0,5,1.68,2,0.67,0.4,3,1.01,3,1.01,1,0,1,0.34,7,2.35,3,1.01,3770000.0,67,4.19,6.67,17,0.82,6,0.12,13,0.53,16.67,17.0,Centre-Forward,Poacher,75.990990990991,69.00900900900902,43.108108108108105
240,premier-league,Aston Villa,Ollie Watkins,30,30000000.0,31,2392,28,9,0.34,10,0.38,11.74,0.44,11.74,31,9,20,0.75,5,0.19,13,0.49,1,0.04,4,0.15,0,0.0,246,9.26,101,3.8,31,1.17,1,0.04,1.91,0.07,411,15.46,296,11.14,0.7202,17,0.64,6,0.23,2,0.08,0.3333,52,1.96,22,0.83,0.4231,36,1.35,19,0.71,3,0,3,0.11,29,1.09,29,1.09,9802000.0,67,4.19,0.0,12,0.63,6,0.09,11,0.41,35.29,5.0,Centre-Forward,Poacher,46.53153153153152,32.92792792792793,36.12612612612613
241,premier-league,Aston Villa,Tammy Abraham,28,20000000.0,18,1254,15,7,0.5,8,0.57,7.15,0.51,5.75,16,5,5,0.36,6,0.43,14,1.0,5,0.36,6,0.43,0,0.0,107,7.68,42,3.01,23,1.65,1,0.07,1.45,0.1,200,14.35,151,10.84,0.755,14,1.0,5,0.36,0,0.0,0.0,15,1.08,4,0.29,0.2667,11,0.79,10,0.72,3,0,3,0.22,23,1.65,12,0.86,8630000.0,67,4.19,0.0,12,0.64,5,0.25,8,0.72,35.29,17.0,Centre-Forward,Poacher,69.68468468468468,39.23423423423424,43.98648648648648
266,premier-league,Crystal Palace,Jørgen Strand Larsen,26,45000000.0,29,1937,21,4,0.19,5,0.23,4.89,0.23,3.49,29,5,7,0.33,4,0.19,32,1.49,6,0.28,11,0.51,0,0.0,268,12.46,91,4.23,63,2.93,1,0.05,1.42,0.07,379,17.62,247,11.48,0.6517000000000001,9,0.42,3,0.14,0,0.0,0.0,16,0.74,5,0.23,0.3125,24,1.12,10,0.46,4,0,4,0.19,46,2.14,17,0.79,7163000.0,67,4.19,23.53,23,0.63,2,0.25,11,0.6,35.29,5.0,Centre-Forward,Target Man,42.07207207207208,55.67567567567567,24.414414414414416
267,premier-league,Crystal Palace,Jean-Philippe Mateta,28,35000000.0,25,1970,23,10,0.46,10,0.46,10.65,0.49,7.85,23,9,11,0.5,6,0.27,42,1.92,5,0.23,7,0.32,0,0.0,247,11.28,95,4.34,56,2.56,0,0.0,0.66,0.03,280,12.79,176,8.04,0.6286,7,0.32,9,0.41,5,0.23,0.5556,32,1.46,13,0.59,0.4061999999999999,34,1.55,16,0.73,2,0,2,0.09,17,0.78,18,0.82,3770000.0,67,4.19,23.53,17,0.82,1,0.08,8,0.5,35.29,4.25,Centre-Forward,Target Man,53.87387387387387,63.783783783783775,13.806306306306308
269,premier-league,Crystal Palace,Eddie Nketiah,26,14000000.0,12,416,2,2,0.43,2,0.43,2.42,0.52,2.42,11,2,8,1.73,2,0.43,10,2.16,1,0.22,3,0.65,0,0.0,80,17.31,26,5.62,6,1.3,0,0.0,0.45,0.1,89,19.25,72,15.58,0.809,7,1.51,0,0.0,0,0.0,0.0,15,3.25,5,1.08,0.3333,12,2.6,3,0.65,2,0,2,0.43,7,1.51,7,1.51,5346900.0,67,4.19,0.0,10,0.72,1,0.08,11,0.53,20.0,0.0,Centre-Forward,False Nine,54.59459459459459,51.93693693693694,65.29279279279278
293,premier-league,AFC Bournemouth,Junior Kroupi,19,40000000.0,4,175,1,3,1.54,3,1.54,1.85,0.95,1.85,0,2,0,0.0,0,0.0,0,0.0,0,0.0,0,0.0,0,0.0,0,0.0,0,0.0,0,0.0,0,0.0,0.0,0.0,0,0.0,0,0.0,0.0,0,0.0,0,0.0,0,0.0,0.0,0,0.0,0,0.0,0.0,0,0.0,0,0.0,1,0,1,0.51,0,0.0,0,0.0,18096000.0,67,4.19,8.33,12,0.39,1,0.12,8,0.5,20.0,5.0,Centre-Forward,Poacher,85.85585585585585,4.864864864864865,3.085585585585586
294,premier-league,AFC Bournemouth,Evanilson,26,35000000.0,30,2297,26,6,0.24,7,0.27,8.41,0.33,8.41,32,8,7,0.27,3,0.12,23,0.9,4,0.16,10,0.39,0,0.0,231,9.05,86,3.37,39,1.53,1,0.04,2.06,0.08,383,15.01,290,11.36,0.7572,25,0.98,3,0.12,0,0.0,0.0,29,1.14,14,0.55,0.4828,34,1.33,24,0.94,1,0,1,0.04,20,0.78,28,1.1,6409000.0,67,4.19,23.53,6,0.82,2,0.22,11,0.17,35.29,5.0,Centre-Forward,Target Man / Poacher,44.5045045045045,46.26126126126127,43.58108108108108
295,premier-league,AFC Bournemouth,Enes Ünal,28,8000000.0,18,170,0,1,0.53,1,0.53,1.38,0.71,1.38,1,6,1,0.52,0,0.0,7,3.62,0,0.0,0,0.0,0,0.0,53,27.41,10,5.17,6,3.1,0,0.0,0.05,0.03,40,20.69,25,12.93,0.625,0,0.0,2,1.03,0,0.0,0.0,4,2.07,1,0.52,0.25,6,3.1,1,0.52,1,0,1,0.53,6,3.1,4,2.07,891150.0,67,4.19,0.0,10,0.82,1,0.08,8,0.17,33.33,4.25,Centre-Forward,Target Man,65.99099099099098,75.31531531531532,17.725225225225227
318,premier-league,Brighton & Hove Albion,Georginio Rutter,23,30000000.0,26,1627,19,3,0.17,5,0.28,3.86,0.21,3.86,16,6,29,1.6,10,0.55,25,1.38,1,0.06,14,0.77,0,0.0,244,13.5,98,5.42,17,0.94,2,0.11,3.1,0.17,387,21.41,268,14.82,0.6925,21,1.16,14,0.77,3,0.17,0.2143,55,3.04,22,1.22,0.4,49,2.71,10,0.55,2,0,2,0.11,27,1.49,32,1.77,4455750.0,67,4.19,0.0,15,0.75,1,0.29,11,0.53,13.33,4.25,Centre-Forward,False Nine,42.83783783783784,46.75675675675676,71.64414414414414
321,premier-league,Brighton & Hove Albion,Danny Welbeck,35,4000000.0,31,1903,21,12,0.57,12,0.57,11.09,0.52,8.99,20,7,19,0.9,8,0.38,24,1.13,1,0.05,11,0.52,0,0.0,148,7.0,52,2.46,18,0.85,0,0.0,1.21,0.06,420,19.85,334,15.79,0.7951999999999999,19,0.9,3,0.14,1,0.05,0.3333,23,1.09,8,0.38,0.3478,19,0.9,4,0.19,5,0,5,0.24,23,1.09,8,0.38,3564600.0,67,4.19,20.0,17,0.82,1,0.22,8,0.31,33.33,15.0,Centre-Forward,Poacher,72.2972972972973,31.306306306306308,42.83783783783783
346,premier-league,Brentford FC,Igor Thiago,24,50000000.0,32,2747,31,21,0.69,22,0.72,19.23,0.63,13.63,38,8,28,0.92,9,0.29,54,1.77,5,0.16,12,0.39,0,0.0,432,14.15,170,5.57,96,3.15,1,0.03,2.11,0.07,535,17.53,372,12.19,0.6953,20,0.66,14,0.46,6,0.2,0.4286,43,1.41,24,0.79,0.5581,35,1.15,19,0.62,6,0,6,0.2,60,1.97,22,0.72,3770000.0,67,4.19,23.53,5,0.64,5,0.25,8,0.31,35.29,0.0,Centre-Forward,Poacher,83.15315315315314,68.55855855855856,38.15315315315316
372,premier-league,Everton FC,Beto,28,20000000.0,32,1278,13,7,0.49,8,0.56,6.86,0.48,6.86,15,11,14,0.99,1,0.07,34,2.39,2,0.14,2,0.14,0,0.0,279,19.65,114,8.03,79,5.56,1,0.07,1.18,0.08,183,12.89,116,8.17,0.6339,9,0.63,2,0.14,0,0.0,0.0,36,2.54,11,0.77,0.3056,27,1.9,8,0.56,2,0,2,0.14,28,1.97,11,0.77,3564600.0,67,4.19,20.0,5,0.92,5,0.29,13,0.53,33.33,4.25,Centre-Forward,Target Man,70.09009009009009,94.5945945945946,33.28828828828829
394,premier-league,Fulham FC,Rodrigo Muniz,24,25000000.0,15,660,6,2,0.27,3,0.41,2.24,0.31,2.24,10,3,4,0.55,2,0.27,18,2.45,2,0.27,1,0.14,0,0.0,135,18.41,63,8.59,45,6.14,1,0.14,0.97,0.13,82,11.18,40,5.45,0.4878,8,1.09,2,0.27,0,0.0,0.0,11,1.5,4,0.55,0.3636,7,0.95,4,0.55,1,0,1,0.14,12,1.64,11,1.5,4524000.0,67,4.19,23.53,17,0.63,5,0.2,8,0.17,33.33,0.0,Centre-Forward,Target Man,43.24324324324324,82.52252252252254,49.81981981981982
421,premier-league,Sunderland AFC,Brian Brobbey,24,25000000.0,25,1459,16,6,0.37,7,0.43,5.79,0.36,5.79,19,7,7,0.43,0,0.0,9,0.55,5,0.31,4,0.25,1,0.06,208,12.76,86,5.28,49,3.01,1,0.06,1.23,0.08,199,12.21,142,8.71,0.7136,10,0.61,1,0.06,0,0.0,0.0,11,0.67,2,0.12,0.1818,24,1.47,8,0.49,5,0,5,0.31,23,1.41,29,1.78,4524000.0,67,4.19,8.33,10,0.82,5,0.09,4,0.31,13.33,4.25,Centre-Forward,Target Man,45.9009009009009,74.68468468468468,26.68918918918919
423,premier-league,Sunderland AFC,Wilson Isidor,25,18000000.0,27,1066,11,4,0.34,4,0.34,5.55,0.47,5.55,14,10,9,0.76,0,0.0,16,1.35,1,0.08,4,0.34,0,0.0,132,11.12,40,3.37,22,1.85,0,0.0,0.12,0.01,110,9.27,65,5.48,0.5909,0,0.0,0,0.0,0,0.0,0.0,19,1.6,6,0.51,0.3157999999999999,16,1.35,10,0.84,2,0,2,0.17,13,1.1,4,0.34,1885000.0,67,4.19,8.33,12,0.64,1,0.08,11,0.72,20.0,12.0,Centre-Forward,Poacher / Target Man,46.21621621621621,42.74774774774775,8.063063063063064
446,premier-league,West Ham United,Taty Castellanos,27,28000000.0,11,694,8,2,0.26,5,0.65,3.02,0.39,3.02,5,4,7,0.91,3,0.39,7,0.91,0,0.0,2,0.26,0,0.0,86,11.15,45,5.84,12,1.56,3,0.39,2.26,0.29,135,17.51,94,12.19,0.6962999999999999,8,1.04,6,0.78,0,0.0,0.0,17,2.2,8,1.04,0.4706,8,1.04,5,0.65,2,0,2,0.26,9,1.17,18,2.33,2890000.0,67,4.19,5.88,17,0.82,6,0.22,11,0.17,35.29,17.0,Centre-Forward,False Nine,48.24324324324324,62.56756756756757,72.40990990990991
447,premier-league,West Ham United,Pablo,22,18000000.0,13,955,12,10,0.94,11,1.04,8.18,0.77,6.08,7,8,13,1.22,3,0.28,12,1.13,1,0.09,9,0.85,0,0.0,178,16.76,83,7.81,34,3.2,1,0.09,1.36,0.13,165,15.53,119,11.2,0.7212000000000001,14,1.32,1,0.09,0,0.0,0.0,13,1.22,8,0.75,0.6154,15,1.41,5,0.47,4,0,4,0.38,24,2.26,30,2.82,250000.0,67,4.19,5.88,17,0.75,5,0.04,8,0.72,35.29,4.25,Centre-Forward,Target Man / Poacher,76.30630630630631,79.63963963963964,60.74324324324324
448,premier-league,West Ham United,Callum Wilson,34,5000000.0,26,1051,10,5,0.43,6,0.51,5.54,0.47,5.54,15,5,3,0.26,3,0.26,4,0.34,2,0.17,5,0.43,0,0.0,113,9.61,40,3.4,15,1.28,1,0.09,1.03,0.09,134,11.4,86,7.32,0.6418,7,0.6,4,0.34,1,0.09,0.25,20,1.7,10,0.85,0.5,14,1.19,8,0.68,0,0,0,0.0,10,0.85,12,1.02,2970500.0,67,4.19,0.0,17,0.39,1,0.09,18,0.31,20.0,5.0,Centre-Forward,Poacher,53.69369369369369,31.981981981981978,31.8018018018018
472,premier-league,Leeds United,Dominic Calvert-Lewin,29,22000000.0,28,2120,23,10,0.42,11,0.47,10.71,0.45,8.61,26,5,10,0.42,2,0.08,27,1.15,5,0.21,4,0.17,0,0.0,355,15.07,138,5.86,92,3.91,1,0.04,1.67,0.07,322,13.67,198,8.41,0.6149,17,0.72,8,0.34,1,0.04,0.125,28,1.19,8,0.34,0.2857,24,1.02,22,0.93,1,0,1,0.04,33,1.4,30,1.27,7540000.0,67,4.19,23.53,15,0.75,1,0.25,11,0.41,35.29,5.0,Centre-Forward,Target Man,61.44144144144145,79.81981981981981,31.283783783783782
473,premier-league,Leeds United,Joël Piroe,26,13000000.0,13,217,2,0,0.0,0,0.0,0.63,0.26,0.63,5,1,1,0.41,1,0.41,0,0.0,0,0.0,1,0.41,0,0.0,27,11.2,5,2.07,3,1.24,0,0.0,0.23,0.1,92,38.16,76,31.52,0.8261,1,0.41,4,1.66,1,0.41,0.25,3,1.24,1,0.41,0.3333,4,1.66,1,0.41,0,0,0,0.0,3,1.24,0,0.0,3016000.0,67,4.19,20.0,17,0.39,1,0.04,8,0.17,35.29,4.25,Centre-Forward,False Nine,15.405405405405409,25.495495495495497,41.53153153153153
474,premier-league,Leeds United,Lukas Nmecha,27,10000000.0,25,873,9,6,0.62,7,0.72,5.66,0.58,3.56,12,6,9,0.93,3,0.31,9,0.93,2,0.21,3,0.31,0,0.0,120,12.34,44,4.53,22,2.26,1,0.1,1.04,0.11,168,17.28,111,11.42,0.6607,6,0.62,7,0.72,0,0.0,0.0,8,0.82,2,0.21,0.25,13,1.34,2,0.21,0,0,0,0.0,15,1.54,14,1.44,2639000.0,67,4.19,0.0,12,0.39,6,0.04,5,0.72,35.29,17.0,Centre-Forward,Poacher,65.63063063063062,52.07207207207208,37.567567567567565
494,premier-league,Wolverhampton Wanderers,Tolu Arokodare,25,22000000.0,4,80,0,1,1.13,1,1.13,0.99,1.11,0.99,1,0,0,0.0,0,0.0,6,6.75,0,0.0,0,0.0,0,0.0,24,27.0,17,19.12,11,12.38,0,0.0,0.04,0.04,34,38.25,22,24.75,0.6470999999999999,0,0.0,1,1.12,0,0.0,0.0,4,4.5,3,3.38,0.75,3,3.38,1,1.12,0,0,0,0.0,1,1.12,3,3.38,10857600.0,67,4.19,10.0,17,0.82,2,0.25,8,0.56,20.0,0.0,Centre-Forward,Target Man / Poacher,92.88288288288288,94.50450450450452,31.98198198198198
495,premier-league,Wolverhampton Wanderers,Adam Armstrong,29,8000000.0,8,641,8,1,0.14,3,0.42,1.15,0.16,1.15,10,2,4,0.56,2,0.28,9,1.27,1,0.14,3,0.42,0,0.0,47,6.61,15,2.11,4,0.56,2,0.28,1.57,0.22,89,12.52,67,9.42,0.7528,5,0.7,2,0.28,0,0.0,0.0,12,1.69,6,0.84,0.5,4,0.56,1,0.14,3,0,3,0.42,9,1.27,2,0.28,3120000.0,67,4.19,20.0,17,0.75,5,0.2,4,0.5,35.29,0.0,Centre-Forward,False Nine,28.513513513513512,22.52252252252252,56.62162162162162
496,premier-league,Wolverhampton Wanderers,Hee-chan Hwang,30,8000000.0,21,1176,15,2,0.15,3,0.23,2.38,0.18,1.68,22,2,8,0.61,7,0.53,14,1.07,0,0.0,6,0.46,0,0.0,90,6.88,33,2.52,4,0.31,1,0.08,1.43,0.11,321,24.52,247,18.87,0.7695000000000001,10,0.76,17,1.3,3,0.23,0.1765,23,1.76,6,0.46,0.2609,9,0.69,7,0.53,3,0,3,0.23,22,1.68,15,1.15,5278000.0,67,4.19,23.53,17,0.82,5,0.09,8,0.41,20.0,15.0,Centre-Forward,False Nine,27.072072072072075,24.144144144144143,53.53603603603603
497,premier-league,Wolverhampton Wanderers,Nathan Fraser,21,600000.0,29,2431,26,2,0.07,4,0.15,1.96,0.07,1.96,31,8,24,0.89,31,1.15,171,6.33,37,1.37,6,0.22,1,0.04,207,7.66,116,4.29,73,2.7,2,0.07,4.16,0.15,1435,53.1,1193,44.15,0.8314,9,0.33,1,0.04,1,0.04,1.0,7,0.26,3,0.11,0.4286,8,0.3,2,0.07,5,0,5,0.19,17,0.63,16,0.59,2262000.0,67,4.19,5.88,17,0.63,6,0.22,11,0.41,35.29,17.0,Centre-Forward,Target Man,23.37837837837838,55.00000000000001,47.63513513513513
522,premier-league,Burnley FC,Zian Flemming,27,12000000.0,23,1281,15,8,0.56,8,0.56,8.15,0.57,6.75,22,4,11,0.77,6,0.42,24,1.69,4,0.28,5,0.35,0,0.0,200,14.05,83,5.83,50,3.51,0,0.0,1.19,0.08,217,15.25,146,10.26,0.6728000000000001,8,0.56,5,0.35,1,0.07,0.2,11,0.77,4,0.28,0.3636,13,0.91,2,0.14,3,0,3,0.21,33,2.32,19,1.33,1508000.0,67,4.19,5.88,17,0.39,6,0.04,8,0.56,35.29,12.0,Centre-Forward,Target Man,62.74774774774775,69.0990990990991,27.950450450450447
523,premier-league,Burnley FC,Lyle Foster,25,10000000.0,23,1307,15,3,0.21,5,0.34,3.03,0.21,3.03,24,2,14,0.96,5,0.34,19,1.31,2,0.14,8,0.55,0,0.0,190,13.08,61,4.2,25,1.72,2,0.14,1.93,0.13,262,18.04,185,12.74,0.7061,10,0.69,6,0.41,1,0.07,0.1667,21,1.45,10,0.69,0.4761999999999999,24,1.65,11,0.76,4,0,4,0.28,21,1.45,14,0.96,58000.0,67,4.19,0.0,15,0.92,2,0.08,4,0.5,35.29,4.25,Centre-Forward,Target Man,30.36036036036036,58.10810810810811,49.77477477477478
525,premier-league,Burnley FC,Armando Broja,24,8000000.0,21,821,8,1,0.11,2,0.22,2.0,0.22,2.0,21,2,6,0.66,3,0.33,8,0.88,0,0.0,4,0.44,0,0.0,179,19.62,55,6.03,28,3.07,1,0.11,0.94,0.1,136,14.91,97,10.63,0.7132,4,0.44,2,0.22,0,0.0,0.0,26,2.85,7,0.77,0.2692,19,2.08,6,0.66,0,0,0,0.0,12,1.32,14,1.53,3393000.0,67,4.19,0.0,12,0.92,6,0.29,11,0.6,35.29,15.0,Centre-Forward,Target Man,39.27927927927928,82.70270270270271,32.49999999999999
526,premier-league,Burnley FC,Ashley Barnes,36,200000.0,6,34,0,0,0.0,0,0.0,0.78,1.49,0.78,0,1,0,0.0,0,0.0,0,0.0,0,0.0,0,0.0,0,0.0,18,34.47,8,15.32,7,13.4,0,0.0,0.01,0.02,10,19.15,3,5.74,0.3,0,0.0,0,0.0,0,0.0,0.0,1,1.91,1,1.91,1.0,2,3.83,2,3.83,1,0,1,2.65,2,3.83,0,0.0,1885000.0,67,4.19,6.67,23,0.92,4,0.22,5,0.53,35.29,4.25,Centre-Forward,Target Man,45.94594594594595,98.46846846846846,14.234234234234233
553,la-liga,Real Madrid,Kylian Mbappé,27,200000000.0,26,2234,25,23,0.93,27,1.09,23.76,0.96,17.46,19,11,3,0.12,3,0.12,0,0.0,0,0.0,8,0.32,0,0.0,216,8.7,104,4.19,6,0.24,4,0.16,6.06,0.24,848,34.16,739,29.77,0.8715,57,2.3,25,1.01,6,0.24,0.24,122,4.91,65,2.62,0.5328,38,1.53,26,1.05,4,0,4,0.16,11,0.44,30,1.21,71670000.0,67,4.19,10.0,17,0.82,2,0.08,11,0.31,33.33,12.0,Centre-Forward,False Nine,79.63963963963964,30.180180180180184,92.77027027027027
554,la-liga,Real Madrid,Gonzalo García,22,30000000.0,7,551,7,5,0.82,6,0.98,3.45,0.56,2.75,2,5,0,0.0,0,0.0,0,0.0,0,0.0,1,0.16,0,0.0,9,1.47,1,0.16,0,0.0,1,0.16,0.58,0.09,20,3.27,14,2.29,0.7,0,0.0,1,0.16,1,0.16,1.0,3,0.49,1,0.16,0.3333,4,0.65,0,0.0,0,0,0,0.0,1,0.16,0,0.0,7540000.0,67,4.19,0.0,23,0.64,2,0.22,8,0.5,21.74,4.25,Centre-Forward,Poacher,80.58558558558559,9.36936936936937,16.599099099099103
577,la-liga,FC Barcelona,Ferran Torres,26,50000000.0,28,1685,20,14,0.75,15,0.8,13.75,0.73,13.75,16,11,7,0.37,3,0.16,8,0.42,1,0.05,7,0.37,0,0.0,110,5.82,49,2.59,24,1.27,1,0.05,2.07,0.11,362,19.15,270,14.29,0.7459,20,1.06,2,0.11,1,0.05,0.5,19,1.01,7,0.37,0.3684,16,0.85,8,0.42,2,0,2,0.11,9,0.48,13,0.69,13000000.0,67,4.19,0.0,17,0.82,5,0.08,8,0.53,35.29,12.0,Centre-Forward,Poacher,74.54954954954954,39.5045045045045,55.00000000000001
578,la-liga,FC Barcelona,Robert Lewandowski,37,8000000.0,25,1199,12,12,0.9,13,0.98,11.78,0.88,9.68,10,10,6,0.45,2,0.15,11,0.83,0,0.0,7,0.53,0,0.0,103,7.73,41,3.08,14,1.05,1,0.08,1.3,0.1,236,17.71,188,14.11,0.7966,9,0.68,0,0.0,0,0.0,0.0,18,1.35,8,0.6,0.4443999999999999,20,1.5,13,0.98,2,0,2,0.15,11,0.83,15,1.13,26037500.0,67,4.19,5.88,23,0.63,4,0.29,11,0.53,35.29,12.0,Centre-Forward,Poacher,93.33333333333331,28.82882882882883,45.18018018018018
598,la-liga,Atlético de Madrid,Ademola Lookman,28,40000000.0,8,357,5,2,0.5,2,0.5,2.1,0.53,2.1,6,2,2,0.5,1,0.25,0,0.0,0,0.0,2,0.5,0,0.0,31,7.82,12,3.03,2,0.5,0,0.0,0.34,0.09,99,24.96,83,20.92,0.8384,4,1.01,6,1.51,0,0.0,0.0,8,2.02,5,1.26,0.625,10,2.52,4,1.01,1,0,1,0.25,3,0.76,3,0.76,11725000.0,85,4.0,20.0,2,0.19,6,0.25,2,0.71,9.09,0.0,Second Striker,Poacher,70.76576576576576,13.333333333333334,58.80630630630631
599,la-liga,Atlético de Madrid,Antoine Griezmann,35,10000000.0,27,1030,8,6,0.52,7,0.61,6.85,0.6,6.85,12,10,10,0.87,3,0.26,9,0.79,1,0.09,9,0.79,0,0.0,71,6.2,33,2.88,9,0.79,1,0.09,2.61,0.23,540,47.18,454,39.67,0.8406999999999999,24,2.1,52,4.54,17,1.49,0.3268999999999999,16,1.4,8,0.7,0.5,6,0.52,14,1.22,1,0,1,0.09,2,0.17,6,0.52,11725000.0,67,3.4,20.0,15,0.24,4,0.19,8,0.72,83.33,0.0,Second Striker,False Nine,68.55855855855856,19.639639639639643,88.40090090090091
600,la-liga,Atlético de Madrid,Julián Alvarez,26,90000000.0,26,1797,22,3,0.15,4,0.2,3.92,0.2,3.92,33,5,23,1.15,13,0.65,5,0.25,1,0.05,18,0.9,0,0.0,206,10.32,90,4.51,4,0.2,1,0.05,2.71,0.14,619,31.0,499,24.99,0.8061,37,1.85,46,2.3,9,0.45,0.1957,51,2.55,20,1.0,0.3922,36,1.8,2,0.1,3,0,3,0.15,21,1.05,45,2.25,650000.0,67,4.19,10.0,17,0.63,6,0.12,5,0.5,35.29,5.0,Centre-Forward,False Nine,30.31531531531532,24.189189189189182,78.15315315315316
601,la-liga,Atlético de Madrid,Alexander Sørloth,30,20000000.0,15,754,9,0,0.0,4,0.48,0.41,0.05,0.41,9,5,10,1.19,11,1.31,5,0.6,2,0.24,5,0.6,0,0.0,34,4.06,15,1.79,3,0.36,4,0.48,4.03,0.48,548,65.41,470,56.1,0.8576999999999999,19,2.27,81,9.67,19,2.27,0.2346,6,0.72,2,0.24,0.3333,2,0.24,0,0.0,1,0,1,0.12,5,0.6,0,0.0,31670000.0,67,4.19,0.0,6,0.72,1,0.12,5,0.6,16.67,0.0,Centre-Forward,False Nine,12.342342342342342,17.027027027027025,89.77477477477478
625,la-liga,Villarreal CF,Georges Mikautadze,25,28000000.0,26,1734,19,9,0.47,14,0.73,9.69,0.5,9.69,23,5,4,0.21,5,0.26,7,0.36,1,0.05,2,0.1,0,0.0,175,9.08,80,4.15,10,0.52,5,0.26,4.33,0.22,310,16.09,225,11.68,0.7258,23,1.19,13,0.67,4,0.21,0.3077,56,2.91,27,1.4,0.4821,26,1.35,2,0.1,1,0,1,0.05,12,0.62,40,2.08,5725000.0,67,4.19,6.67,12,0.64,5,0.29,18,0.31,13.33,4.25,Centre-Forward,False Nine / Poacher,70.18018018018019,25.225225225225223,72.83783783783784
627,la-liga,Villarreal CF,Ayoze Pérez,32,6000000.0,18,819,9,2,0.22,5,0.55,2.23,0.25,2.23,12,5,20,2.2,3,0.33,5,0.55,1,0.11,7,0.77,0,0.0,132,14.51,55,6.04,9,0.99,3,0.33,2.54,0.28,179,19.67,135,14.84,0.7542,12,1.32,7,0.77,1,0.11,0.1429,23,2.53,10,1.1,0.4347999999999999,21,2.31,5,0.55,3,0,3,0.33,14,1.54,18,1.98,3900000.0,67,4.19,5.88,10,0.72,1,0.2,4,0.53,35.29,0.0,Centre-Forward,False Nine,39.18918918918919,48.96396396396396,80.76576576576575
628,la-liga,Villarreal CF,Gerard Moreno,34,2800000.0,17,1039,13,8,0.69,8,0.69,7.22,0.63,5.82,11,4,14,1.21,2,0.17,15,1.3,2,0.17,14,1.21,0,0.0,119,10.31,53,4.59,17,1.47,0,0.0,1.22,0.11,410,35.51,318,27.55,0.7756000000000001,20,1.73,10,0.87,2,0.17,0.2,19,1.65,10,0.87,0.5263,17,1.47,4,0.35,0,0,0,0.0,10,0.87,12,1.04,4687500.0,67,4.19,6.67,17,0.92,6,0.22,18,0.53,35.29,10.0,Centre-Forward,Poacher,80.27027027027027,58.73873873873874,72.97297297297298
629,la-liga,Villarreal CF,Pau Cabanes,21,800000.0,26,2286,26,1,0.04,1,0.04,1.25,0.05,1.25,23,10,32,1.26,27,1.06,100,3.94,11,0.43,12,0.47,0,0.0,160,6.3,93,3.66,54,2.13,0,0.0,4.25,0.17,2341,92.13,2212,87.05,0.9449,5,0.2,0,0.0,0,0.0,0.0,1,0.04,1,0.04,1.0,5,0.2,0,0.0,3,0,3,0.12,22,0.87,7,0.28,5000000.0,67,4.19,10.0,10,0.39,2,0.08,8,0.31,20.0,10.0,Centre-Forward,False Nine,11.936936936936938,44.14414414414415,50.51801801801802
655,la-liga,Athletic Bilbao,Gorka Guruzeta,29,5000000.0,28,1829,22,7,0.34,8,0.39,9.05,0.45,8.35,22,5,12,0.59,9,0.44,15,0.74,2,0.1,12,0.59,0,0.0,279,13.74,103,5.07,56,2.76,1,0.05,1.72,0.08,389,19.16,265,13.05,0.6812,19,0.94,8,0.39,2,0.1,0.25,31,1.53,8,0.39,0.2581,16,0.79,9,0.44,5,1,5,0.25,39,1.92,28,1.38,2600000.0,67,4.19,5.88,5,0.72,2,0.29,8,0.31,20.0,15.0,Centre-Forward,Target Man,60.09009009009009,65.94594594594595,44.68468468468468
657,la-liga,Athletic Bilbao,Urko Izeta,26,1500000.0,30,2095,22,0,0.0,1,0.04,1.42,0.06,1.42,34,8,40,1.72,22,0.94,46,1.98,8,0.34,35,1.5,0,0.0,217,9.32,103,4.42,18,0.77,1,0.04,2.54,0.11,785,33.71,632,27.14,0.8051,12,0.52,10,0.43,2,0.09,0.2,21,0.9,14,0.6,0.6667000000000001,20,0.86,1,0.04,5,0,5,0.21,36,1.55,33,1.42,3650000.0,67,4.19,6.67,15,0.64,2,0.09,13,0.56,13.33,15.0,Centre-Forward,False Nine,10.720720720720722,33.108108108108105,47.27477477477477
680,la-liga,Real Sociedad,Mikel Oyarzabal,28,25000000.0,27,2275,26,12,0.47,15,0.59,13.08,0.52,9.58,34,3,21,0.83,3,0.12,22,0.87,3,0.12,17,0.67,0,0.0,273,10.8,114,4.51,32,1.27,3,0.12,4.02,0.16,612,24.21,464,18.36,0.7582,37,1.46,15,0.59,1,0.04,0.0667,48,1.9,27,1.07,0.5625,40,1.58,12,0.47,2,0,2,0.08,18,0.71,37,1.46,7825000.0,67,4.19,23.53,5,0.39,6,0.29,11,0.56,13.33,15.0,Centre-Forward,False Nine / Poacher,71.12612612612612,39.27927927927928,75.96846846846847
681,la-liga,Real Sociedad,Orri Óskarsson,21,12000000.0,14,382,3,5,1.18,5,1.18,3.94,0.93,3.94,6,1,4,0.94,1,0.24,5,1.18,0,0.0,1,0.24,0,0.0,44,10.37,19,4.48,10,2.36,0,0.0,0.17,0.04,70,16.49,46,10.84,0.6570999999999999,2,0.47,2,0.47,0,0.0,0.0,5,1.18,3,0.71,0.6,3,0.71,4,0.94,2,0,2,0.47,10,2.36,2,0.47,1260000.0,67,4.19,23.53,15,0.21,6,0.29,5,0.53,21.74,0.0,Centre-Forward,Poacher,95.4054054054054,50.0,23.46846846846847
682,la-liga,Real Sociedad,Jon Karrikaburu,23,2000000.0,25,1058,10,1,0.09,3,0.26,2.07,0.18,2.07,18,4,20,1.7,11,0.94,16,1.36,8,0.68,15,1.28,0,0.0,135,11.48,67,5.7,22,1.87,2,0.17,2.52,0.21,436,37.09,322,27.39,0.7384999999999999,17,1.45,58,4.93,13,1.11,0.2241,17,1.45,8,0.68,0.4706,15,1.28,0,0.0,4,1,5,0.43,16,1.36,18,1.53,1550000.0,67,4.19,6.67,17,0.72,6,0.25,13,0.41,16.67,0.0,Centre-Forward,False Nine,32.52252252252252,60.04504504504504,80.63063063063063
707,la-liga,Real Betis Balompié,Cucho Hernández,26,18000000.0,26,2165,25,8,0.33,11,0.46,9.54,0.39,8.84,31,7,24,0.99,9,0.37,23,0.95,3,0.12,8,0.33,0,0.0,240,9.89,106,4.37,29,1.2,3,0.12,3.6,0.15,547,22.55,391,16.12,0.7148,30,1.24,22,0.91,2,0.08,0.0909,41,1.69,21,0.87,0.5122,42,1.73,14,0.58,4,0,4,0.17,21,0.87,32,1.32,5200000.0,67,4.19,0.0,17,0.75,5,0.09,11,0.31,20.0,0.0,Centre-Forward,False Nine,44.0990990990991,43.51351351351352,70.0900900900901
708,la-liga,Real Betis Balompié,Chimy Ávila,32,1500000.0,13,345,3,1,0.26,1,0.26,1.08,0.28,0.38,4,4,1,0.26,3,0.78,6,1.56,0,0.0,3,0.78,0,0.0,40,10.37,17,4.41,9,2.33,0,0.0,0.43,0.11,93,24.12,65,16.86,0.6989,8,2.07,12,3.11,6,1.56,0.5,3,0.78,0,0.0,0.0,4,1.04,2,0.52,3,0,3,0.78,6,1.56,8,2.07,2600000.0,67,4.19,10.0,15,0.63,1,0.09,4,0.56,35.29,17.0,Centre-Forward,False Nine,37.61261261261261,52.61261261261261,63.98648648648648
709,la-liga,Real Betis Balompié,Cédric Bakambu,35,1400000.0,15,427,4,3,0.63,3,0.63,3.49,0.72,3.49,6,2,2,0.41,1,0.21,8,1.64,0,0.0,2,0.41,0,0.0,49,10.05,20,4.1,8,1.64,0,0.0,0.21,0.04,71,14.56,53,10.87,0.7465,3,0.62,2,0.41,0,0.0,0.0,3,0.62,1,0.21,0.3333,5,1.03,8,1.64,0,0,0,0.0,6,1.23,9,1.85,3375000.0,67,4.19,0.0,23,0.82,6,0.29,8,0.5,20.0,0.0,Centre-Forward,Poacher,86.3063063063063,51.44144144144144,23.896396396396398
734,la-liga,Celta de Vigo,Ferran Jutglà,27,7000000.0,23,1286,17,7,0.49,9,0.63,7.8,0.55,7.8,19,4,8,0.56,8,0.56,13,0.91,1,0.07,3,0.21,0,0.0,145,10.15,61,4.27,13,0.91,2,0.14,2.15,0.15,301,21.07,235,16.45,0.7807,13,0.91,13,0.91,3,0.21,0.2307999999999999,41,2.87,17,1.19,0.4146,16,1.12,4,0.28,4,0,4,0.28,19,1.33,23,1.61,2875000.0,67,4.19,10.0,6,0.39,1,0.2,11,0.53,20.0,4.25,Centre-Forward,Poacher / False Nine,65.04504504504503,29.819819819819816,64.66216216216216
735,la-liga,Celta de Vigo,Pablo Durán,24,4000000.0,19,1248,13,1,0.07,3,0.22,1.92,0.14,1.92,17,4,15,1.08,16,1.15,18,1.3,9,0.65,10,0.72,0,0.0,107,7.72,45,3.25,9,0.65,2,0.14,2.51,0.18,436,31.47,331,23.89,0.7592,20,1.44,45,3.25,15,1.08,0.3333,29,2.09,13,0.94,0.4483,13,0.94,2,0.14,2,0,2,0.14,20,1.44,10,0.72,1040000.0,67,4.19,8.33,17,0.92,6,0.25,18,0.56,33.33,15.0,Centre-Forward,False Nine,28.01801801801802,35.67567567567568,79.12162162162161
736,la-liga,Celta de Vigo,Borja Iglesias,33,3000000.0,28,1557,17,11,0.64,13,0.75,10.21,0.59,8.11,20,6,7,0.4,0,0.0,16,0.92,5,0.29,9,0.52,0,0.0,146,8.44,59,3.41,18,1.04,2,0.12,2.45,0.14,388,22.43,282,16.3,0.7268000000000001,17,0.98,3,0.17,0,0.0,0.0,22,1.27,12,0.69,0.5455,25,1.45,19,1.1,6,0,6,0.35,32,1.85,23,1.33,3650000.0,67,4.19,10.0,12,0.63,6,0.25,13,0.6,16.67,4.25,Centre-Forward,Poacher,80.63063063063063,30.0,61.37387387387388
737,la-liga,Celta de Vigo,Iago Aspas,38,1800000.0,25,890,8,4,0.4,7,0.71,4.42,0.45,3.02,7,7,11,1.11,11,1.11,2,0.2,0,0.0,8,0.81,0,0.0,65,6.57,35,3.54,3,0.3,3,0.3,3.65,0.37,522,52.79,412,41.66,0.7893000000000001,28,2.83,23,2.33,8,0.81,0.3478,17,1.72,11,1.11,0.6470999999999999,13,1.31,0,0.0,3,0,3,0.3,2,0.2,10,1.01,3650000.0,67,4.19,8.33,12,0.39,4,0.09,8,0.31,35.29,0.0,Centre-Forward,False Nine,50.36036036036036,16.396396396396398,96.05855855855856
761,la-liga,Valencia CF,Dani Raba,30,1500000.0,12,255,3,0,0.0,1,0.35,0.38,0.13,0.38,4,4,6,2.11,4,1.41,1,0.35,0,0.0,1,0.35,0,0.0,36,12.66,14,4.92,2,0.7,1,0.35,0.85,0.3,116,40.78,92,32.34,0.7931,2,0.7,12,4.22,1,0.35,0.0833,12,4.22,4,1.41,0.3333,6,2.11,0,0.0,0,0,0,0.0,6,2.11,2,0.7,1240000.0,67,3.4,0.0,15,0.78,8,0.0,1,0.17,40.0,18.0,Second Striker,False Nine,7.477477477477477,41.35135135135136,76.12612612612612
762,la-liga,Valencia CF,Hugo Duro,26,12000000.0,30,1647,18,9,0.49,9,0.49,7.78,0.42,7.08,24,8,13,0.71,4,0.22,19,1.03,6,0.33,11,0.6,0,0.0,213,11.57,87,4.73,40,2.17,0,0.0,1.01,0.05,339,18.41,243,13.2,0.7168000000000001,15,0.81,1,0.05,0,0.0,0.0,15,0.81,3,0.16,0.2,8,0.43,5,0.27,5,0,5,0.27,16,0.87,32,1.74,5212500.0,67,4.19,23.53,17,0.82,1,0.22,13,0.17,33.33,5.0,Centre-Forward,Target Man / Poacher,60.94594594594594,65.22522522522523,37.004504504504496
763,la-liga,Valencia CF,Lucas Beltrán,25,8000000.0,16,1440,16,0,0.0,0,0.0,0.0,0.0,0.0,22,3,0,0.0,0,0.0,16,1.0,0,0.0,0,0.0,1,0.06,10,0.62,7,0.44,5,0.31,0,0.0,0.68,0.04,555,34.69,294,18.38,0.5297,0,0.0,0,0.0,0,0.0,0.0,0,0.0,0,0.0,0.0,0,0.0,0,0.0,2,0,2,0.13,1,0.06,3,0.19,2970500.0,67,4.19,8.33,17,0.64,4,0.09,11,0.72,20.0,4.25,Centre-Forward,False Nine,9.369369369369371,13.693693693693692,20.72072072072072
764,la-liga,Valencia CF,Umar Sadiq,29,4000000.0,18,727,7,1,0.12,3,0.37,1.77,0.22,1.77,11,5,4,0.5,1,0.12,2,0.25,1,0.12,4,0.5,0,0.0,139,17.23,48,5.95,17,2.11,2,0.25,1.68,0.21,125,15.5,84,10.41,0.672,9,1.12,6,0.74,2,0.25,0.3333,25,3.1,12,1.49,0.48,20,2.48,9,1.12,3,0,3,0.37,16,1.98,17,2.11,2600000.0,67,4.19,10.0,6,0.72,1,0.29,18,0.17,35.29,15.0,Centre-Forward,False Nine / Target Man,40.18018018018018,63.96396396396396,68.1081081081081
789,la-liga,Girona FC,Vladyslav Vanat,24,15000000.0,2,108,1,1,0.83,2,1.67,1.02,0.85,1.02,0,1,0,0.0,1,0.83,0,0.0,0,0.0,0,0.0,0,0.0,6,5.0,2,1.67,0,0.0,1,0.83,0.7,0.58,20,16.67,15,12.5,0.75,3,2.5,1,0.83,0,0.0,0.0,2,1.67,1,0.83,0.5,1,0.83,1,0.83,0,0,0,0.0,2,1.67,1,0.83,22243000.0,67,4.19,6.67,6,0.92,4,0.22,11,0.41,35.29,0.0,Centre-Forward,Poacher / False Nine,86.57657657657658,21.71171171171171,84.99999999999999
790,la-liga,Girona FC,Abel Ruiz,26,2500000.0,9,178,0,0,0.0,0,0.0,0.36,0.18,0.36,0,3,1,0.5,1,0.5,0,0.0,0,0.0,1,0.5,0,0.0,21,10.56,7,3.52,4,2.01,0,0.0,0.13,0.07,36,18.1,28,14.08,0.7778,2,1.01,2,1.01,0,0.0,0.0,1,0.5,1,0.5,1.0,2,1.01,1,0.5,0,0,0,0.0,2,1.01,1,0.5,2600000.0,67,4.19,20.0,6,0.21,1,0.04,18,0.53,16.67,17.0,Centre-Forward,False Nine,11.62162162162162,39.90990990990991,46.66666666666666
791,la-liga,Girona FC,Cristhian Stuani,39,800000.0,14,221,1,3,1.22,3,1.22,2.65,1.08,-0.15,4,3,4,1.63,1,0.41,2,0.81,0,0.0,2,0.81,0,0.0,40,16.29,20,8.14,8,3.26,0,0.0,0.08,0.03,38,15.48,24,9.77,0.6315999999999999,1,0.41,0,0.0,0,0.0,0.0,2,0.81,2,0.81,1.0,2,0.81,6,2.44,2,0,2,0.81,7,2.85,6,2.44,1550000.0,67,4.19,0.0,5,0.82,6,0.25,11,0.72,13.33,0.0,Centre-Forward,Poacher,93.51351351351352,84.77477477477477,18.64864864864865
816,la-liga,Sevilla FC,Alexis Sánchez,37,1400000.0,31,2208,26,2,0.08,4,0.16,3.98,0.16,3.98,26,10,44,1.79,17,0.69,31,1.26,8,0.33,31,1.26,0,0.0,204,8.32,94,3.83,15,0.61,2,0.08,4.63,0.19,1160,47.28,1003,40.88,0.8647,26,1.06,19,0.77,9,0.37,0.4736999999999999,24,0.98,9,0.37,0.375,28,1.14,0,0.0,5,0,5,0.2,23,0.94,27,1.1,10857600.0,83,4.19,9.52,23,0.4,1,0.26,8,0.41,33.33,5.0,Second Striker,False Nine,31.44144144144144,23.33333333333333,72.77027027027027
817,la-liga,Sevilla FC,Akor Adams,26,12000000.0,26,1773,18,8,0.41,12,0.61,9.75,0.5,7.65,31,4,5,0.26,0,0.0,21,1.08,3,0.15,2,0.1,0,0.0,203,10.44,77,3.96,51,2.62,4,0.2,3.05,0.16,301,15.48,196,10.08,0.6512,10,0.51,16,0.82,1,0.05,0.0625,20,1.03,12,0.62,0.6,30,1.54,38,1.95,1,0,1,0.05,26,1.34,10,0.51,2350000.0,67,4.19,0.0,6,0.75,2,0.08,8,0.53,20.0,10.0,Centre-Forward,Target Man,52.07207207207208,57.11711711711711,41.84684684684685
818,la-liga,Sevilla FC,Isaac Romero,25,5000000.0,23,1876,22,4,0.19,5,0.24,3.65,0.18,3.65,29,5,58,2.78,31,1.49,93,4.46,15,0.72,11,0.53,0,0.0,231,11.08,152,7.29,71,3.41,1,0.05,3.5,0.17,1122,53.83,980,47.01,0.8734000000000001,13,0.62,1,0.05,0,0.0,0.0,9,0.43,7,0.34,0.7778,7,0.34,1,0.05,12,2,13,0.62,32,1.54,16,0.77,11584950.0,67,4.19,23.53,17,0.82,6,0.29,11,0.53,35.29,4.25,Centre-Forward,Target Man,41.98198198198199,83.69369369369369,59.59459459459458
819,la-liga,Sevilla FC,Neal Maupay,29,4000000.0,6,453,5,1,0.2,1,0.2,0.87,0.17,0.87,9,1,2,0.4,1,0.2,1,0.2,1,0.2,2,0.4,0,0.0,37,7.35,16,3.18,5,0.99,0,0.0,0.26,0.05,95,18.87,73,14.5,0.7684000000000001,3,0.6,2,0.4,0,0.0,0.0,5,0.99,2,0.4,0.4,5,0.99,0,0.0,1,0,1,0.2,5,0.99,7,1.39,4687500.0,67,4.19,0.0,5,0.92,6,0.04,11,0.6,16.67,12.0,Centre-Forward,Target Man,25.09009009009009,41.03603603603604,31.576576576576574
841,la-liga,RCD Espanyol Barcelona,Roberto Fernández,23,10000000.0,31,1952,20,6,0.28,8,0.37,7.41,0.34,6.71,28,8,8,0.37,5,0.23,21,0.97,4,0.18,9,0.41,0,0.0,270,12.45,95,4.38,46,2.12,2,0.09,2.17,0.1,292,13.46,203,9.36,0.6951999999999999,16,0.74,9,0.41,1,0.05,0.1110999999999999,23,1.06,9,0.41,0.3913,30,1.38,6,0.28,3,0,3,0.14,31,1.43,35,1.61,1250000.0,67,4.19,8.33,6,0.72,6,0.12,11,0.41,35.29,12.0,Centre-Forward,Target Man,42.61261261261261,54.14414414414415,38.648648648648646
842,la-liga,RCD Espanyol Barcelona,Kike García,36,800000.0,30,1434,14,6,0.38,7,0.44,7.82,0.49,7.12,19,7,13,0.82,3,0.19,19,1.19,1,0.06,7,0.44,0,0.0,250,15.69,118,7.41,66,4.14,1,0.06,1.72,0.11,323,20.27,215,13.49,0.6656,18,1.13,14,0.88,1,0.06,0.0713999999999999,18,1.13,7,0.44,0.3889,17,1.07,22,1.38,3,0,3,0.19,29,1.82,35,2.2,1562500.0,67,4.19,23.53,17,0.39,2,0.12,5,0.17,13.33,0.0,Centre-Forward,Target Man,54.054054054054056,76.21621621621622,56.37387387387386
867,la-liga,Rayo Vallecano,Isi Palazón,31,3000000.0,29,2105,25,3,0.13,6,0.26,5.22,0.22,3.12,25,9,28,1.2,3,0.13,21,0.9,5,0.21,22,0.94,0,0.0,252,10.77,114,4.87,20,0.86,3,0.13,4.68,0.2,820,35.06,677,28.95,0.8256,36,1.54,94,4.02,24,1.03,0.2553,42,1.8,20,0.86,0.4761999999999999,39,1.67,5,0.21,9,0,9,0.38,32,1.37,47,2.01,2600000.0,85,4.19,0.0,4,0.78,2,0.2,1,0.12,35.29,7.75,Second Striker,False Nine,32.072072072072075,44.23423423423423,83.17567567567568
868,la-liga,Rayo Vallecano,Alemão,28,3000000.0,19,797,8,1,0.11,1,0.11,1.89,0.21,1.89,8,7,5,0.56,1,0.11,12,1.36,2,0.23,7,0.79,0,0.0,99,11.18,36,4.07,10,1.13,0,0.0,0.37,0.04,137,15.47,92,10.39,0.6715000000000001,6,0.68,3,0.34,0,0.0,0.0,7,0.79,3,0.34,0.4286,9,1.02,0,0.0,1,0,1,0.11,17,1.92,18,2.03,1460000.0,67,4.19,10.0,15,0.63,1,0.2,4,0.6,35.29,12.0,Centre-Forward,Target Man / Poacher,29.774774774774777,33.333333333333336,26.328828828828826
869,la-liga,Rayo Vallecano,Sergio Camello,25,2000000.0,16,481,4,0,0.0,0,0.0,0.82,0.15,0.82,6,3,3,0.56,3,0.56,0,0.0,1,0.19,2,0.37,0,0.0,55,10.27,23,4.29,4,0.75,0,0.0,0.66,0.12,136,25.39,115,21.47,0.8456,9,1.68,2,0.37,1,0.19,0.5,16,2.99,8,1.49,0.5,15,2.8,2,0.37,3,1,3,0.56,3,0.56,9,1.68,1050000.0,67,4.19,20.0,15,0.82,6,0.09,5,0.56,13.33,17.0,Centre-Forward,False Nine,13.153153153153152,39.054054054054056,74.43693693693693
891,la-liga,CA Osasuna,Raúl García,25,3000000.0,29,796,5,5,0.57,5,0.57,5.74,0.66,5.74,13,6,14,1.6,7,0.8,11,1.26,1,0.11,0,0.0,0,0.0,133,15.19,69,7.88,33,3.77,0,0.0,0.48,0.05,183,20.9,131,14.96,0.7158,7,0.8,6,0.69,2,0.23,0.3333,27,3.08,12,1.37,0.4443999999999999,12,1.37,5,0.57,2,1,3,0.34,11,1.26,11,1.26,1260000.0,67,4.19,8.33,23,0.21,1,0.25,11,0.17,16.67,10.0,Centre-Forward,Poacher,79.5045045045045,73.96396396396396,46.03603603603603
892,la-liga,CA Osasuna,Ante Budimir,34,3000000.0,30,2371,28,16,0.61,16,0.61,15.84,0.6,10.94,29,7,20,0.76,5,0.19,35,1.33,6,0.23,5,0.19,0,0.0,316,11.99,150,5.69,97,3.68,0,0.0,0.75,0.03,337,12.79,202,7.67,0.5993999999999999,12,0.46,3,0.11,0,0.0,0.0,14,0.53,2,0.08,0.1429,25,0.95,20,0.76,1,0,1,0.04,41,1.56,32,1.21,3900000.0,67,4.19,6.67,17,0.82,6,0.25,8,0.53,33.33,4.25,Centre-Forward,Target Man / Poacher,79.45945945945945,81.44144144144144,12.657657657657658
916,la-liga,RCD Mallorca,Vedat Muriqi,31,4500000.0,30,2507,29,21,0.75,22,0.79,19.85,0.71,14.95,40,4,8,0.29,3,0.11,50,1.79,5,0.18,6,0.22,0,0.0,372,13.35,194,6.96,123,4.42,1,0.04,2.02,0.07,557,20.0,355,12.74,0.6373,15,0.54,3,0.11,1,0.04,0.3333,24,0.86,14,0.5,0.5832999999999999,37,1.33,12,0.43,4,1,5,0.18,31,1.11,54,1.94,5210000.0,67,4.19,0.0,23,0.92,2,0.22,4,0.6,13.33,10.0,Centre-Forward,Target Man,82.7927927927928,91.8018018018018,31.84684684684685
917,la-liga,RCD Mallorca,Mateo Joseph,22,3500000.0,29,1704,19,2,0.11,5,0.26,4.06,0.21,4.06,27,3,29,1.53,14,0.74,24,1.27,4,0.21,16,0.85,0,0.0,216,11.41,86,4.54,10,0.53,3,0.16,2.81,0.15,303,16.0,247,13.05,0.8151999999999999,14,0.74,15,0.79,5,0.26,0.3333,36,1.9,17,0.9,0.4722,40,2.11,4,0.21,2,0,2,0.11,19,1.0,31,1.64,1125000.0,67,4.19,23.53,12,0.82,5,0.12,8,0.72,35.29,15.0,Centre-Forward,False Nine,27.61261261261261,39.0990990990991,57.229729729729726
918,la-liga,RCD Mallorca,Abdón Prats,33,900000.0,11,92,0,0,0.0,0,0.0,0.19,0.17,0.19,1,2,0,0.0,0,0.0,1,0.87,0,0.0,2,1.75,0,0.0,16,13.98,7,6.12,5,4.37,0,0.0,0.12,0.1,20,17.48,15,13.11,0.75,2,1.75,1,0.87,0,0.0,0.0,1,0.87,1,0.87,1.0,2,1.75,0,0.0,0,0,0,0.0,2,1.75,2,1.75,900000.0,67,4.19,23.53,5,0.63,5,0.22,4,0.53,33.33,15.0,Centre-Forward,Target Man,21.486486486486488,76.48648648648648,64.21171171171171
941,la-liga,Levante UD,Iker Losada,24,1400000.0,18,688,9,3,0.39,4,0.52,2.66,0.35,2.66,8,3,10,1.31,9,1.18,8,1.05,2,0.26,7,0.92,0,0.0,52,6.8,21,2.75,2,0.26,1,0.13,1.24,0.16,183,23.94,132,17.27,0.7212999999999999,10,1.31,17,2.22,3,0.39,0.1765,11,1.44,5,0.65,0.4545,4,0.52,3,0.39,1,0,1,0.13,5,0.65,5,0.65,2600000.0,123,4.0,0.0,7,0.0,5,0.0,3,0.04,13.33,0.0,Second Striker,False Nine,40.99099099099099,9.0990990990991,70.94594594594595
943,la-liga,Levante UD,Iván Romero,25,7500000.0,23,1876,22,4,0.19,5,0.24,3.65,0.18,3.65,29,5,58,2.78,31,1.49,93,4.46,15,0.72,11,0.53,0,0.0,231,11.08,152,7.29,71,3.41,1,0.05,3.5,0.17,1122,53.83,980,47.01,0.8734000000000001,13,0.62,1,0.05,0,0.0,0.0,9,0.43,7,0.34,0.7778,7,0.34,1,0.05,12,2,13,0.62,32,1.54,16,0.77,11584950.0,67,4.19,23.53,17,0.82,6,0.29,11,0.53,35.29,4.25,Centre-Forward,Target Man,41.98198198198199,83.69369369369369,59.59459459459458
944,la-liga,Levante UD,Carlos Espí,20,2500000.0,16,671,6,0,0.0,1,0.13,1.41,0.19,1.41,8,5,13,1.74,3,0.4,7,0.94,2,0.27,12,1.6,0,0.0,92,12.3,42,5.62,13,1.74,1,0.13,1.36,0.18,279,37.31,226,30.22,0.81,9,1.2,5,0.67,2,0.27,0.4,13,1.74,6,0.8,0.4614999999999999,8,1.07,1,0.13,3,0,3,0.4,8,1.07,11,1.47,1508000.0,67,4.19,23.53,12,0.82,6,0.12,8,0.5,35.29,0.0,Centre-Forward,False Nine,18.55855855855856,64.36936936936937,77.29729729729729
945,la-liga,Levante UD,José Luis Morales,38,300000.0,29,2568,29,0,0.0,9,0.32,1.54,0.05,1.54,24,9,45,1.58,36,1.26,44,1.54,7,0.25,27,0.95,0,0.0,263,9.22,143,5.01,40,1.4,9,0.32,9.63,0.34,1120,39.25,870,30.49,0.7768,66,2.31,169,5.92,57,2.0,0.3373,34,1.19,18,0.63,0.5294,21,0.74,1,0.04,4,1,5,0.18,26,0.91,42,1.47,1460000.0,67,4.19,0.0,6,0.21,6,0.09,18,0.72,16.67,0.0,Centre-Forward,False Nine,10.180180180180182,42.7927927927928,90.72072072072072
968,la-liga,Elche CF,Adam Boayar,20,800000.0,8,641,8,1,0.14,3,0.42,1.15,0.16,1.15,10,2,4,0.56,2,0.28,9,1.27,1,0.14,3,0.42,0,0.0,47,6.61,15,2.11,4,0.56,2,0.28,1.57,0.22,89,12.52,67,9.42,0.7528,5,0.7,2,0.28,0,0.0,0.0,12,1.69,6,0.84,0.5,4,0.56,1,0.14,3,0,3,0.42,9,1.27,2,0.28,10857600.0,85,4.1,9.09,7,0.39,6,0.0,8,0.33,21.74,0.0,Second Striker,False Nine,19.054054054054053,14.414414414414416,56.62162162162162
969,la-liga,Elche CF,Álvaro Rodríguez,21,5000000.0,27,1721,19,5,0.26,9,0.47,6.94,0.36,6.94,28,4,15,0.78,3,0.16,20,1.05,1,0.05,8,0.42,1,0.05,352,18.41,174,9.1,95,4.97,4,0.21,3.94,0.21,412,21.55,267,13.96,0.6481,28,1.46,9,0.47,3,0.16,0.3333,60,3.14,28,1.46,0.4667,33,1.73,16,0.84,1,0,1,0.05,27,1.41,36,1.88,1050000.0,67,4.19,6.67,5,0.75,2,0.2,11,0.53,20.0,15.0,Centre-Forward,Target Man,44.36936936936937,87.56756756756756,78.94144144144144
970,la-liga,Elche CF,Rafa Mir,28,4000000.0,26,1744,20,8,0.41,8,0.41,10.51,0.54,9.11,22,7,15,0.77,4,0.21,19,0.98,1,0.05,7,0.36,0,0.0,162,8.36,52,2.68,17,0.88,0,0.0,1.21,0.06,408,21.06,329,16.98,0.8064,9,0.46,17,0.88,3,0.15,0.1765,21,1.08,5,0.26,0.2380999999999999,23,1.19,7,0.36,4,0,4,0.21,39,2.01,16,0.83,2600000.0,67,4.19,23.53,6,0.75,1,0.08,11,0.53,20.0,5.0,Centre-Forward,Poacher,53.96396396396396,29.36936936936937,30.78828828828829
971,la-liga,Elche CF,André Silva,30,3000000.0,31,2337,27,2,0.08,6,0.23,2.55,0.1,2.55,22,13,35,1.35,17,0.65,29,1.12,6,0.23,19,0.73,0,0.0,194,7.47,73,2.81,4,0.15,4,0.15,7.16,0.28,1691,65.12,1525,58.73,0.9018,35,1.35,53,2.04,16,0.62,0.3019,39,1.5,15,0.58,0.3846,26,1.0,5,0.19,9,0,9,0.35,34,1.31,19,0.73,22620000.0,67,4.19,0.0,12,0.92,6,0.29,8,0.56,33.33,12.0,Centre-Forward,False Nine,31.216216216216218,26.576576576576574,85.56306306306305
991,la-liga,Deportivo Alavés,Lucas Boyé,30,5000000.0,25,1796,19,11,0.55,12,0.6,11.5,0.58,9.4,21,3,32,1.6,7,0.35,15,0.75,5,0.25,14,0.7,0,0.0,349,17.49,133,6.66,30,1.5,1,0.05,2.02,0.1,380,19.04,276,13.83,0.7263,24,1.2,9,0.45,1,0.05,0.1110999999999999,74,3.71,38,1.9,0.5135000000000001,59,2.96,9,0.45,3,1,3,0.15,52,2.61,34,1.7,2080000.0,67,4.19,10.0,17,0.72,1,0.22,11,0.6,35.29,0.0,Centre-Forward,Poacher,73.06306306306307,58.198198198198206,61.48648648648649
992,la-liga,Deportivo Alavés,Toni Martínez,28,4000000.0,30,2138,25,8,0.34,11,0.46,10.56,0.44,10.56,30,2,24,1.01,4,0.17,31,1.3,2,0.08,6,0.25,0,0.0,402,16.91,206,8.67,135,5.68,3,0.13,3.12,0.13,523,22.01,312,13.13,0.5966,19,0.8,12,0.5,3,0.13,0.25,35,1.47,17,0.72,0.4857,31,1.3,11,0.46,1,0,1,0.04,35,1.47,31,1.3,1150000.0,67,4.19,23.53,15,0.72,1,0.29,13,0.53,35.29,0.0,Centre-Forward,Target Man,59.41441441441441,85.94594594594595,54.7972972972973
993,la-liga,Deportivo Alavés,Ibrahim Diabate,26,1500000.0,3,177,2,1,0.51,1,0.51,0.93,0.47,0.93,3,0,2,1.02,1,0.51,3,1.53,0,0.0,0,0.0,0,0.0,20,10.17,4,2.03,2,1.02,0,0.0,0.05,0.03,34,17.29,23,11.69,0.6765000000000001,0,0.0,0,0.0,0,0.0,0.0,0,0.0,0,0.0,0.0,2,1.02,1,0.51,0,0,0,0.0,3,1.53,0,0.0,2600000.0,67,4.19,23.53,17,0.82,6,0.22,4,0.56,33.33,0.0,Centre-Forward,Poacher,65.04504504504504,33.333333333333336,12.274774774774777
994,la-liga,Deportivo Alavés,Aitor Mañas,23,600000.0,17,1449,16,1,0.06,1,0.06,1.55,0.1,1.55,18,4,21,1.3,25,1.55,71,4.41,4,0.25,4,0.25,0,0.0,94,5.84,55,3.42,26,1.61,0,0.0,1.92,0.12,842,52.3,734,45.59,0.8717,3,0.19,1,0.06,0,0.0,0.0,1,0.06,1,0.06,1.0,1,0.06,0,0.0,4,0,4,0.25,18,1.12,7,0.43,2600000.0,67,4.19,8.33,12,0.75,4,0.25,8,0.5,33.33,12.0,Centre-Forward,Target Man / False Nine,26.03603603603604,44.68468468468468,42.27477477477477
995,la-liga,Deportivo Alavés,Mariano Díaz,32,400000.0,10,284,3,0,0.0,0,0.0,0.49,0.16,0.49,2,1,3,0.95,0,0.0,2,0.63,1,0.32,0,0.0,0,0.0,56,17.75,15,4.75,11,3.49,0,0.0,0.11,0.03,42,13.31,27,8.56,0.6429,2,0.63,3,0.95,0,0.0,0.0,2,0.63,1,0.32,0.5,6,1.9,6,1.9,1,0,1,0.32,13,4.12,0,0.0,1560000.0,67,4.19,0.0,17,0.92,2,0.12,11,0.17,20.0,4.25,Centre-Forward,Target Man,15.990990990990989,80.09009009009009,20.833333333333336
1018,la-liga,Real Oviedo,Federico Viñas,27,4000000.0,23,275,1,2,0.65,3,0.98,2.3,0.69,2.3,4,6,8,2.42,4,1.21,7,2.11,2,0.6,4,1.21,0,0.0,47,14.19,17,5.13,2,0.6,1,0.33,0.86,0.26,103,31.11,75,22.65,0.7282,3,0.91,14,4.23,0,0.0,0.0,11,3.32,2,0.6,0.1818,3,0.91,2,0.6,3,0,3,0.98,9,2.72,5,1.51,10857600.0,67,4.19,5.88,6,0.82,1,0.22,5,0.41,33.33,17.0,Centre-Forward,Poacher,80.22522522522524,43.96396396396396,72.36486486486487
1019,la-liga,Real Oviedo,Thiago Borbas,24,4000000.0,7,82,0,0,0.0,0,0.0,0.25,0.27,0.25,2,2,2,2.17,0,0.0,4,4.34,0,0.0,1,1.08,0,0.0,21,22.77,10,10.84,7,7.59,0,0.0,0.05,0.05,28,30.36,19,20.6,0.6786,0,0.0,0,0.0,0,0.0,0.0,0,0.0,0,0.0,0.0,2,2.17,1,1.08,1,0,1,1.1,3,3.25,2,2.17,2639000.0,67,4.19,0.0,23,0.82,6,0.2,11,0.56,21.74,4.25,Centre-Forward,Target Man,23.963963963963963,93.51351351351352,23.490990990990998
